2024-10-18 10:14:24 ,ERROR, Database connection lost while processing transaction ID 98765.
2024-10-18 10:14:29 ,ERROR, Unable to send email: SMTP server not responding.
2024-10-18 10:14:31 ,FATAL, Application terminated unexpectedly: Out of memory.
2024-10-18 10:14:37 ,ERROR, Failed to load configuration file: /etc/app/config.yml.
2024-10-18 10:14:51 ,FATAL, Server crashed due to memory overflow at address 0x004FA1.
2024-10-18 10:14:55 ,FATAL, Critical error: Kernel panic occurred. System halted.
2024-10-18 10:15:02 ,ERROR, Payment gateway timeout for transaction ID 87654.
2024-10-18 10:15:13 ,ERROR, Failed to load configuration file: /etc/app/config.yml.
2024-10-18 10:15:20 ,ERROR, Database connection lost while processing transaction ID 98765.
2024-10-18 10:15:27 ,ERROR, Payment gateway timeout for transaction ID 87654.
2024-10-18 10:15:31 ,ERROR, Failed to load configuration file: /etc/app/config.yml.
2024-10-18 10:15:36 ,FATAL, Application terminated unexpectedly: Out of memory.
2024-10-18 10:15:39 ,FATAL, Service 'app-backend' failed to start: Missing dependency.
2024-10-18 10:15:41 ,ERROR, Failed to load configuration file: /etc/app/config.yml.
2024-10-18 10:15:42 ,ERROR, Payment gateway timeout for transaction ID 87654.
2024-10-18 10:15:43 ,ERROR, Payment gateway timeout for transaction ID 87654.
2024-10-18 10:15:51 ,FATAL, Server crashed due to memory overflow at address 0x004FA1.
2024-10-18 10:15:56 ,FATAL, Critical error: Kernel panic occurred. System halted.
2024-10-18 10:16:00 ,FATAL, Application terminated unexpectedly: Out of memory.
2024-10-18 10:16:05 ,ERROR, Unable to send email: SMTP server not responding.
2024-10-18 10:16:06 ,ERROR, User ID 67890 failed to authenticate. Invalid credentials.
2024-10-18 10:16:10 ,FATAL, Critical error: Kernel panic occurred. System halted.
2024-10-18 10:16:20 ,ERROR, Unable to send email: SMTP server not responding.
2024-10-18 10:16:25 ,FATAL, Service 'app-backend' failed to start: Missing dependency.
2024-10-18 10:16:27 ,ERROR, User ID 67890 failed to authenticate. Invalid credentials.
2024-10-18 10:16:33 ,FATAL, Disk failure detected on /dev/sdb. Immediate replacement required.
2024-10-18 10:16:35 ,ERROR, Database connection lost while processing transaction ID 98765.
2024-10-18 10:16:39 ,ERROR, Database connection lost while processing transaction ID 98765.
2024-10-18 10:16:44 ,FATAL, Critical error: Kernel panic occurred. System halted.
2024-10-18 10:16:46 ,FATAL, Server crashed due to memory overflow at address 0x004FA1.
2024-10-18 10:16:51 ,FATAL, Server crashed due to memory overflow at address 0x004FA1.
2024-10-18 10:16:56 ,FATAL, Service 'app-backend' failed to start: Missing dependency.
2024-10-18 10:17:02 ,ERROR, Failed to load configuration file: /etc/app/config.yml.
2024-10-18 10:17:08 ,FATAL, Disk failure detected on /dev/sdb. Immediate replacement required.
2024-10-18 10:17:11 ,ERROR, User ID 67890 failed to authenticate. Invalid credentials.
2024-10-18 10:17:27 ,ERROR, Payment gateway timeout for transaction ID 87654.
2024-10-18 10:17:39 ,FATAL, Application terminated unexpectedly: Out of memory.